a_volt,b_volt,c_volt,a_current,b_current,c_current
-242.29,133.604,207.042,1334,2220,-2216
-242.29,137.484,203.691,1314,2217,-2218
-242.29,141.357,200.289,1289,2211,-2222
-242.29,145.201,196.857,1269,2209,-2221
-242.29,149.022,193.403,1246,2204,-2224
-242.29,152.828,189.934,1223,2200,-2227
-242.29,156.597,186.413,1199,2197,-2228
-242.29,160.336,182.87,1175,2191,-2230
-242.29,164.076,179.298,1152,2185,-2231
-242.29,167.785,175.704,1128,2177,-2231
-242.29,171.458,172.08,1105,2172,-2230
-242.29,175.1,168.441,1083,2168,-2229
-242.29,178.736,164.773,1059,2158,-2230
-242.29,182.341,161.061,1033,2152,-2231
-242.29,185.902,157.341,1008,2145,-2229
-242.29,189.448,153.614,983,2136,-2228
-242.29,192.957,149.835,960,2127,-2223
-242.29,196.451,146.034,939,2118,-2219
-242.29,199.908,142.233,912,2112,-2217
-242.29,203.32,138.387,887,2103,-2214
-242.29,206.725,134.535,861,2094,-2213
-242.29,210.092,130.674,834,2084,-2210
-242.29,213.437,126.763,808,2073,-2207
-242.29,216.716,122.851,784,2062,-2202
-242.29,220.009,118.917,763,2051,-2194
-242.29,223.221,114.946,736,2041,-2189
-242.29,226.439,110.983,708,2031,-2187
-242.29,229.591,107.005,683,2019,-2180
-242.29,232.721,102.997,655,2005,-2175
-242.29,235.843,98.9746,629,1993,-2169
-242.29,238.832,94.9447,606,1980,-2159
-242.29,242.029,90.9001,578,1966,-2155
-242.29,243.59,86.8334,553,1954,-2148
-242.29,243.56,82.7593,528,1943,-2139
-242.29,243.59,78.6704,499,1930,-2132
-242.29,243.59,74.5594,473,1915,-2124
-242.29,243.59,70.4631,444,1899,-2116
-242.29,243.59,66.3447,418,1886,-2107
-242.29,243.582,62.2189,393,1871,-2098
-242.29,243.59,58.0784,366,1854,-2089
-242.29,243.59,53.9231,340,1840,-2078
-242.29,243.59,49.7751,313,1825,-2068
-242.29,243.59,45.6051,285,1809,-2058
-242.29,243.59,41.435,258,1793,-2048
-242.29,243.59,37.2649,232,1775,-2036
-242.29,243.59,33.0727,207,1758,-2024
-242.29,243.59,28.8805,181,1741,-2012
-242.29,243.59,24.6957,155,1725,-1999
-242.29,243.59,20.5108,131,1708,-1987
-242.29,243.59,16.3112,105,1687,-1975
-242.29,243.59,12.0969,78,1672,-1963
-242.29,243.59,7.8973,54,1654,-1950
-242.29,243.59,3.69033,32,1633,-1935
-242.29,243.59,-0.524026,6,1616,-1922
-242.29,243.59,-4.71624,-22,1597,-1907
-242.29,243.59,-8.91583,-58,1578,-1895
-242.29,243.59,-13.1154,-106,1558,-1883
-242.29,243.59,-17.315,-147,1538,-1866
-242.29,243.59,-21.5072,-173,1517,-1851
-242.29,243.59,-25.6994,-187,1496,-1834
-242.29,243.59,-29.899,-204,1476,-1817
-242.29,243.59,-34.0691,-229,1455,-1801
-242.29,243.59,-38.2465,-259,1435,-1785
-242.29,243.59,-42.424,-291,1415,-1770
-242.29,243.59,-46.5793,-316,1394,-1752
-242.29,243.59,-50.742,-342,1370,-1735
-242.29,243.59,-54.9047,-371,1348,-1719
-242.29,243.59,-59.0378,-396,1327,-1699
-242.283,243.59,-63.171,-423,1306,-1682
-242.29,243.59,-67.2968,-451,1285,-1664
-242.268,243.59,-71.4078,-478,1262,-1647
-242.29,243.59,-75.5188,-507,1238,-1629
-242.268,243.59,-79.6299,-535,1214,-1610
-242.29,243.59,-83.7261,-560,1190,-1591
-242.157,243.59,-87.7781,-583,1168,-1569
-239.872,243.59,-91.8227,-609,1147,-1550
-236.663,243.59,-95.8525,-637,1123,-1532
-233.705,243.59,-99.8898,-661,1097,-1510
-230.555,243.59,-103.905,-688,1073,-1491
-227.494,243.59,-107.905,-716,1048,-1471
-224.322,243.59,-111.898,-739,1024,-1449
-221.143,243.59,-115.839,-765,1001,-1428
-217.919,243.59,-119.795,-790,977,-1407
-214.643,243.59,-123.729,-817,954,-1386
-211.383,243.59,-127.641,-844,928,-1365
-208.048,243.59,-131.545,-869,902,-1344
-204.72,243.59,-135.413,-894,875,-1323
-201.334,243.59,-139.266,-919,851,-1300
-197.933,243.59,-143.089,-943,829,-1276
-194.502,243.59,-146.897,-966,800,-1254
-191.019,243.59,-150.691,-991,774,-1232
-187.529,243.59,-154.455,-1017,749,-1209
-184.017,243.59,-158.182,-1041,722,-1186
-180.49,243.59,-161.902,-1066,697,-1162
-176.919,243.59,-165.607,-1088,669,-1138
-173.325,243.59,-169.268,-1111,644,-1113
-169.687,243.59,-172.914,-1135,619,-1089
-165.998,243.59,-176.53,-1158,593,-1066
-162.256,243.59,-180.117,-1185,567,-1042
-158.478,243.59,-183.682,-1207,540,-1019
-154.699,243.59,-187.21,-1230,514,-996
-150.965,243.59,-190.716,-1251,488,-969
-147.209,243.59,-194.207,-1272,460,-944
-143.446,243.59,-197.654,-1296,433,-920
-139.645,243.59,-201.064,-1317,407,-894
-135.778,243.59,-204.466,-1340,380,-870
-131.859,243.59,-207.81,-1364,351,-845
-127.94,243.59,-211.146,-1384,325,-819
-124.029,243.59,-214.43,-1405,298,-794
-120.117,243.59,-217.707,-1425,270,-767
-116.213,243.59,-220.925,-1445,244,-741
-112.265,243.59,-224.121,-1467,219,-716
-108.279,243.59,-227.287,-1487,194,-690
-104.257,243.59,-230.387,-1509,166,-665
-100.227,243.59,-233.546,-1528,140,-637
-96.2194,243.59,-236.498,-1546,114,-612
-92.1749,243.59,-239.724,-1568,88,-587
-88.1303,243.59,-241.812,-1585,65,-559
-84.0783,243.59,-241.849,-1604,41,-533
-79.9968,243.59,-241.842,-1625,16,-507
-75.8857,243.59,-241.849,-1644,-10,-480
-71.7745,243.59,-241.834,-1663,-42,-453
-67.6782,243.59,-241.849,-1680,-82,-426
-63.5523,243.59,-241.842,-1696,-128,-399
-59.419,243.59,-241.849,-1713,-165,-372
-55.2931,243.59,-241.849,-1730,-185,-345
-51.1302,243.59,-241.849,-1748,-201,-319
-46.9599,243.59,-241.849,-1766,-220,-292
-42.7971,243.59,-241.849,-1782,-247,-266
-38.6416,243.59,-241.849,-1798,-281,-240
-34.4639,243.59,-241.849,-1813,-310,-212
-30.2788,243.59,-241.849,-1829,-336,-184
-26.0938,243.59,-241.849,-1846,-362,-158
-21.9013,243.59,-241.849,-1860,-389,-133
-17.6867,243.59,-241.849,-1877,-415,-108
-13.5016,243.59,-241.849,-1892,-443,-82
-9.33136,243.59,-241.849,-1906,-472,-57
-5.10932,243.59,-241.849,-1918,-498,-33
-0.916869,243.59,-241.849,-1930,-524,-8
3.26819,243.59,-241.849,-1945,-551,16
7.49022,243.59,-241.849,-1960,-575,39
11.6975,243.59,-241.849,-1971,-602,69
15.8899,243.59,-241.849,-1984,-632,108
20.0898,243.59,-241.849,-1996,-659,153
24.2748,243.59,-241.849,-2006,-685,193
28.4599,243.59,-241.849,-2018,-709,220
32.645,243.59,-241.849,-2030,-733,236
36.8152,243.59,-241.849,-2042,-759,253
41.0003,243.59,-241.849,-2054,-783,276
45.1632,243.59,-241.849,-2064,-811,306
49.3187,243.59,-241.849,-2074,-838,337
53.4815,243.59,-241.849,-2083,-863,366
57.6148,243.59,-241.849,-2091,-887,393
61.7407,243.582,-241.849,-2103,-911,418
65.874,243.59,-241.849,-2110,-939,445
69.9926,243.59,-241.849,-2118,-962,472
74.0963,243.59,-241.849,-2128,-989,499
78.2,243.59,-241.849,-2133,-1017,526
82.2668,243.538,-241.849,-2141,-1039,554
86.3409,243.59,-241.849,-2149,-1063,580
90.4003,242.304,-241.849,-2155,-1085,607
94.4449,239.152,-241.849,-2163,-1109,632
98.482,236.133,-241.849,-2170,-1133,657
102.49,233.033,-241.849,-2176,-1157,683
106.482,229.896,-241.849,-2182,-1183,710
110.475,226.759,-241.849,-2186,-1202,736
114.431,223.533,-241.849,-2190,-1226,761
118.38,220.329,-241.849,-2195,-1251,788
122.335,217.043,-241.849,-2199,-1272,814
126.239,213.772,-241.849,-2205,-1295,839
130.121,210.442,-241.849,-2208,-1317,864
134.003,207.074,-241.849,-2210,-1340,890
137.863,203.684,-241.849,-2212,-1363,916
141.678,200.272,-241.849,-2214,-1386,942
145.501,196.83,-241.849,-2218,-1406,966
149.294,193.343,-241.849,-2220,-1425,990
153.065,189.842,-241.849,-2222,-1448,1014
156.821,186.296,-241.849,-2224,-1468,1037
160.526,182.735,-241.849,-2225,-1488,1062
164.223,179.137,-241.849,-2223,-1509,1087
167.898,175.509,-241.849,-2224,-1531,1110
171.536,171.859,-241.849,-2226,-1552,1135
175.151,168.187,-241.849,-2225,-1569,1159
178.76,164.485,-241.849,-2226,-1590,1180
182.324,160.753,-241.849,-2224,-1608,1203
185.851,156.999,-241.849,-2222,-1627,1228
189.385,153.222,-241.849,-2220,-1648,1251
192.875,149.423,-241.849,-2217,-1665,1274
196.321,145.595,-241.849,-2214,-1683,1297
199.729,141.751,-241.849,-2211,-1701,1319
203.138,137.893,-241.849,-2210,-1718,1339
206.495,134.013,-241.849,-2206,-1735,1362
209.83,130.102,-241.849,-2199,-1754,1385
213.142,126.177,-241.849,-2198,-1771,1404
216.396,122.237,-241.849,-2193,-1788,1426
219.664,118.282,-241.849,-2188,-1804,1448
222.836,114.313,-241.849,-2184,-1820,1468
226.038,110.306,-241.849,-2179,-1835,1487
229.128,106.276,-241.849,-2175,-1851,1508
232.264,102.247,-241.849,-2169,-1867,1529
235.325,98.2179,-241.849,-2161,-1883,1549
238.356,94.1664,-241.849,-2153,-1899,1570
241.373,90.0851,-241.849,-2145,-1913,1589
242.283,85.9964,-241.849,-2139,-1925,1608
242.223,81.8929,-241.849,-2132,-1942,1627
242.283,77.7819,-241.849,-2122,-1956,1646
242.268,73.6635,-241.849,-2116,-1969,1663
242.283,69.5302,-241.849,-2107,-1982,1681
242.283,65.382,-241.849,-2097,-1993,1701
242.283,61.2264,-241.849,-2088,-2005,1717
242.283,57.0633,-241.849,-2079,-2017,1734
242.283,52.8929,-241.849,-2070,-2029,1752
242.283,48.715,-241.849,-2061,-2040,1768
242.283,44.5296,-241.849,-2050,-2053,1784
242.283,40.3294,-241.849,-2038,-2065,1802
242.283,36.1292,-241.849,-2025,-2075,1819
242.283,31.9216,-241.849,-2014,-2085,1835
242.283,27.7139,-241.849,-2003,-2096,1849
242.283,23.4914,-241.849,-1992,-2104,1864
242.283,19.2615,-241.849,-1979,-2114,1880
242.283,15.0464,-241.849,-1967,-2126,1895
242.283,10.8313,-241.849,-1953,-2134,1910
242.283,6.60882,-241.849,-1938,-2142,1925
242.283,2.37144,-241.849,-1925,-2150,1939
242.283,-1.85106,-241.849,-1913,-2156,1951
242.283,-6.07357,-241.849,-1899,-2163,1963
242.283,-10.2961,-241.849,-1885,-2170,1976
242.283,-14.5112,-241.849,-1871,-2178,1986
242.283,-18.7337,-241.849,-1856,-2185,2000
242.283,-22.9562,-241.849,-1838,-2191,2016
242.283,-27.1712,-241.849,-1825,-2196,2026
242.283,-31.3715,-241.849,-1809,-2202,2037
242.283,-35.5791,-241.849,-1791,-2207,2049
242.283,-39.7793,-241.849,-1777,-2212,2058
242.283,-43.9646,-241.849,-1761,-2218,2069
242.283,-48.15,-241.849,-1741,-2221,2081
242.283,-52.3279,-241.849,-1725,-2226,2091
242.283,-56.4984,-241.849,-1707,-2230,2100
242.283,-60.6614,-241.849,-1690,-2230,2110
242.283,-64.8096,-241.842,-1673,-2233,2118
242.283,-68.9577,-241.849,-1656,-2236,2124
242.283,-73.091,-241.827,-1638,-2240,2134
242.283,-77.202,-241.849,-1617,-2241,2142
242.283,-81.313,-241.805,-1600,-2242,2149
242.283,-85.4166,-241.849,-1578,-2243,2158
242.283,-89.4979,-241.502,-1558,-2243,2166
242.283,-93.5643,-238.904,-1543,-2244,2170
242.283,-97.6381,-235.753,-1522,-2244,2176
242.283,-101.682,-232.771,-1502,-2245,2183
242.283,-105.704,-229.612,-1480,-2245,2189
242.283,-109.718,-226.542,-1459,-2244,2196
242.283,-113.71,-223.346,-1438,-2243,2201
242.283,-117.695,-220.165,-1414,-2240,2208
242.283,-121.665,-216.903,-1395,-2238,2211
242.283,-125.605,-213.633,-1375,-2236,2213
242.283,-129.53,-210.341,-1353,-2233,2218
242.283,-133.425,-207.005,-1330,-2231,2222
242.283,-137.313,-203.654,-1307,-2229,2226
242.283,-141.179,-200.245,-1288,-2225,2228
242.283,-145.022,-196.849,-1264,-2220,2231
242.283,-148.851,-193.388,-1243,-2215,2231
242.283,-152.657,-189.912,-1225,-2210,2230
242.283,-156.434,-186.406,-1199,-2206,2234
242.283,-160.165,-182.856,-1176,-2202,2234
242.283,-163.897,-179.306,-1151,-2197,2237
242.283,-167.607,-175.704,-1126,-2190,2238
242.283,-171.287,-172.065,-1103,-2184,2237
242.283,-174.937,-168.419,-1079,-2176,2237
242.283,-178.557,-164.729,-1059,-2169,2233
242.283,-182.163,-161.031,-1030,-2162,2236
242.283,-185.731,-157.311,-1006,-2156,2234
242.283,-189.284,-153.577,-984,-2149,2231
242.283,-192.793,-149.798,-956,-2139,2232
242.283,-196.28,-145.989,-935,-2130,2229
242.283,-199.737,-142.166,-909,-2122,2226
242.283,-203.156,-138.328,-885,-2112,2222
242.283,-206.554,-134.468,-861,-2103,2218
242.283,-209.914,-130.564,-835,-2093,2213
242.283,-213.266,-126.689,-810,-2085,2210
242.283,-216.545,-122.777,-781,-2074,2208
242.283,-219.831,-118.836,-758,-2061,2203
242.283,-223.042,-114.887,-732,-2051,2197
242.283,-226.268,-110.909,-705,-2040,2192
242.283,-229.428,-106.931,-679,-2029,2187
242.283,-232.535,-102.901,-657,-2018,2179
242.283,-235.68,-98.9007,-629,-2005,2174
242.283,-238.661,-94.8709,-600,-1993,2170
242.283,-241.872,-90.8189,-577,-1979,2161
242.283,-243.597,-86.7596,-550,-1964,2153
242.283,-243.575,-82.6633,-523,-1951,2145
242.283,-243.597,-78.5892,-498,-1936,2137
242.283,-243.597,-74.4782,-471,-1924,2128
242.283,-243.59,-70.3819,-443,-1910,2121
242.283,-243.597,-66.2856,-417,-1895,2112
242.283,-243.59,-62.1377,-391,-1882,2103
242.283,-243.597,-57.9972,-362,-1866,2094
242.283,-243.597,-53.8419,-337,-1850,2084
242.283,-243.597,-49.6792,-311,-1835,2073
242.283,-243.597,-45.5091,-283,-1820,2063
242.283,-243.597,-41.3538,-256,-1804,2053
242.283,-243.597,-37.169,-229,-1788,2042
242.283,-243.597,-32.9841,-201,-1771,2031
242.283,-243.597,-28.7919,-175,-1752,2019
242.283,-243.597,-24.5997,-151,-1734,2006
242.283,-243.597,-20.4149,-126,-1716,1994
242.283,-243.597,-16.2079,-101,-1697,1980
242.283,-243.597,-12.0157,-73,-1681,1968
242.283,-243.597,-7.83087,-47,-1664,1956
242.283,-243.597,-3.61652,-25,-1645,1939
242.283,-243.597,0.590452,1,-1624,1927
242.283,-243.597,4.78266,23,-1606,1913
242.283,-243.597,8.98225,49,-1587,1896
242.283,-243.597,13.1966,82,-1568,1884
242.283,-243.597,17.3962,119,-1549,1871
242.283,-243.597,21.5884,160,-1529,1856
242.283,-243.597,25.788,196,-1510,1841
242.283,-243.597,29.9655,222,-1487,1825
242.283,-243.597,34.1429,240,-1465,1808
242.283,-243.597,38.3351,258,-1446,1789
242.283,-243.597,42.4978,285,-1425,1774
242.283,-243.597,46.6753,314,-1403,1757
242.283,-243.597,50.8379,343,-1382,1739
242.283,-243.597,54.9932,372,-1360,1724
242.283,-243.597,59.1412,398,-1337,1706
242.275,-243.597,63.267,423,-1314,1687
242.283,-243.597,67.4075,449,-1292,1668
242.26,-243.597,71.5259,476,-1270,1650
242.283,-243.597,75.6296,504,-1247,1632
242.253,-243.597,79.7184,532,-1227,1615
242.283,-243.597,83.7999,559,-1204,1597
242.068,-243.597,87.8741,585,-1178,1577
239.643,-243.597,91.9187,611,-1156,1556
236.456,-243.597,95.9632,636,-1131,1535
233.506,-243.597,99.9931,661,-1107,1516
230.341,-243.597,104.001,690,-1085,1496
227.28,-243.597,108.008,717,-1059,1476
224.093,-243.597,111.987,742,-1035,1457
220.914,-243.597,115.935,767,-1011,1434
217.697,-243.597,119.884,791,-986,1413
214.444,-243.597,123.825,816,-961,1391
211.176,-243.597,127.737,841,-937,1369
207.833,-243.597,131.627,867,-912,1348
204.499,-243.597,135.494,895,-886,1326
201.112,-243.597,139.339,920,-861,1305
197.696,-243.597,143.177,945,-835,1283
194.258,-243.597,146.986,968,-809,1259
190.783,-243.597,150.779,992,-784,1237
187.285,-243.597,154.544,1017,-759,1214
183.773,-243.597,158.271,1040,-735,1190
180.202,-243.597,162.005,1066,-708,1169
176.615,-243.597,165.71,1090,-681,1145
173.015,-243.597,169.379,1114,-655,1119
169.362,-243.597,173.025,1136,-626,1096
165.709,-243.597,176.619,1159,-601,1073
162.027,-243.597,180.206,1182,-575,1048
158.308,-243.597,183.771,1205,-549,1023
154.574,-243.597,187.306,1229,-523,1000
150.817,-243.597,190.819,1252,-494,976
147.024,-243.597,194.303,1272,-468,950
143.216,-243.597,197.742,1297,-442,926
139.394,-243.597,201.13,1319,-415,902
135.541,-243.597,204.525,1339,-389,874
131.682,-243.597,207.876,1362,-361,848
127.8,-243.597,211.22,1384,-335,825
123.881,-243.597,214.511,1407,-309,800
119.962,-243.597,217.796,1427,-282,775
116.013,-243.597,221.021,1448,-255,749
112.043,-243.597,224.209,1468,-226,721
108.065,-243.597,227.361,1487,-200,696
104.072,-243.597,230.461,1507,-174,670
100.064,-243.597,233.627,1528,-145,643
96.0494,-243.597,236.579,1549,-121,618
92.0122,-243.597,239.797,1568,-96,591
87.9454,-243.597,241.834,1587,-67,566
83.8787,-243.597,241.842,1605,-44,539
79.8119,-243.597,241.834,1624,-21,511
75.7156,-243.597,241.842,1643,3,485
71.6045,-243.597,241.827,1662,27,459
67.5155,-243.597,241.842,1681,54,433
63.3822,-243.597,241.834,1699,88,407
59.2341,-243.597,241.842,1716,130,380
55.1008,-243.597,241.842,1733,171,354
50.9454,-243.597,241.842,1748,204,326
46.7899,-243.597,241.842,1764,227,298
42.6196,-243.597,241.842,1784,243,273
38.4567,-243.597,241.842,1798,264,245
34.2717,-243.597,241.842,1814,292,218
30.094,-243.597,241.842,1831,321,193
25.9163,-243.597,241.842,1844,351,165
21.7165,-243.597,241.842,1860,379,139
17.5166,-243.597,241.842,1876,406,114
13.3168,-243.597,241.842,1891,431,89
9.13171,-243.597,241.842,1904,457,66
4.90968,-243.597,241.842,1919,485,43
0.695045,-243.597,241.842,1936,513,20
-3.49002,-243.597,241.842,1946,542,-5
-7.71205,-243.597,241.842,1959,567,-36
-11.8897,-243.597,241.842,1972,594,-78
-16.06,-243.597,241.842,1983,618,-129
-20.2746,-243.597,241.842,1997,645,-169
-24.4745,-243.597,241.842,2009,674,-187
-28.6521,-243.597,241.842,2020,697,-199
-32.8224,-243.597,241.842,2031,725,-218
-36.9927,-243.597,241.842,2042,751,-246
-41.1777,-243.597,241.842,2052,775,-280
-45.348,-243.597,241.842,2062,801,-309
-49.5035,-243.597,241.842,2072,825,-335
-53.659,-243.597,241.842,2084,855,-361
-57.7849,-243.597,241.842,2096,879,-385
-61.9108,-243.59,241.842,2103,903,-413
-66.0367,-243.597,241.842,2110,931,-442
-70.1626,-243.597,241.842,2119,951,-469
-74.2516,-243.597,241.842,2127,977,-496
-78.3405,-243.597,241.842,2137,1003,-522
-82.4442,-243.56,241.842,2143,1028,-548
-86.511,-243.597,241.842,2150,1052,-575
-90.5851,-242.147,241.842,2157,1075,-602
-94.6223,-238.981,241.842,2163,1100,-628
-98.6373,-235.985,241.842,2169,1123,-655
-102.66,-232.862,241.842,2173,1147,-682
-106.638,-229.733,241.842,2181,1169,-706
-110.638,-226.588,241.842,2188,1192,-731
-114.609,-223.369,241.842,2192,1217,-759
-118.542,-220.165,241.842,2197,1242,-784
-122.491,-216.879,241.842,2201,1265,-809
-126.402,-213.623,241.842,2204,1282,-835
-130.284,-210.285,241.842,2208,1307,-860
-134.159,-206.918,241.842,2212,1330,-885
-138.026,-203.52,241.842,2216,1351,-909
-141.863,-200.093,241.842,2218,1373,-935
-145.671,-196.644,241.842,2220,1393,-960
-149.464,-193.172,241.842,2221,1417,-985
-153.228,-189.723,241.842,2220,1436,-1011
-156.969,-186.222,241.842,2222,1458,-1034
-160.674,-182.661,241.842,2225,1482,-1058
-164.378,-179.025,241.842,2225,1500,-1083
-168.061,-175.375,241.842,2226,1519,-1105
-171.713,-171.74,241.842,2227,1540,-1129
-175.336,-168.09,241.842,2224,1559,-1155
-178.922,-164.388,241.842,2224,1579,-1177
-182.501,-160.663,241.842,2224,1598,-1199
-186.028,-156.894,241.842,2223,1616,-1222
-189.526,-153.059,241.842,2221,1636,-1244
-193.03,-149.2,241.842,2221,1656,-1267
-196.498,-145.349,241.842,2217,1674,-1291
-199.914,-141.528,241.842,2213,1692,-1313
-203.308,-137.722,241.842,2210,1708,-1335
-206.673,-133.871,241.842,2206,1727,-1358
-210.015,-129.969,241.842,2204,1744,-1378
-213.305,-126.021,241.842,2200,1760,-1401
-216.566,-122.029,241.842,2196,1779,-1420
-219.827,-118.052,241.842,2190,1794,-1442
-223.013,-114.082,241.842,2183,1810,-1465
-226.208,-110.105,241.842,2178,1826,-1485
-229.298,-106.105,241.842,2172,1841,-1505
-232.456,-102.076,241.842,2167,1856,-1524
-235.473,-98.0321,241.842,2161,1871,-1543
-238.534,-93.9583,241.842,2155,1887,-1563
-241.514,-89.877,241.842,2149,1902,-1582
-242.29,-85.7883,241.842,2140,1916,-1601
-242.231,-81.6996,241.842,2132,1932,-1623
-242.29,-77.5886,241.842,2124,1943,-1640
-242.275,-73.4627,241.842,2116,1955,-1658
-242.29,-69.3369,241.842,2108,1970,-1677
-242.29,-65.1813,241.842,2099,1982,-1693
-242.29,-61.0182,241.842,2089,1995,-1712
-242.29,-56.8626,241.842,2079,2008,-1730
-242.29,-52.707,241.842,2069,2020,-1748
-242.29,-48.5142,241.842,2058,2031,-1765
-242.29,-44.3215,241.842,2048,2041,-1781
-242.29,-40.1287,241.842,2037,2051,-1797
-242.29,-35.9211,241.842,2028,2063,-1812
-242.29,-31.7134,241.842,2015,2075,-1829
-242.29,-27.5206,241.842,2003,2085,-1844
-242.29,-23.3056,241.842,1995,2094,-1859
-242.29,-19.0682,241.842,1980,2102,-1875
-242.29,-14.8531,241.842,1966,2111,-1889
-242.29,-10.638,241.842,1957,2121,-1902
-242.29,-6.4081,241.842,1942,2129,-1917
-242.29,-2.18559,241.842,1928,2138,-1932
-242.29,2.04435,241.842,1914,2145,-1945
-242.29,6.26686,241.842,1898,2152,-1959
-242.29,10.4894,241.842,1884,2161,-1972
-242.29,14.7193,241.842,1871,2167,-1985
-242.29,18.9344,241.842,1858,2174,-1996
-242.29,23.1569,241.842,1841,2181,-2007
-242.29,27.3794,241.842,1824,2186,-2019
-242.29,31.5722,241.842,1810,2191,-2031
-242.29,35.7798,241.842,1793,2197,-2044
-242.29,39.9875,241.842,1777,2200,-2054
-242.29,44.1728,241.842,1761,2203,-2063
-242.29,48.3581,241.842,1745,2210,-2073
-242.29,52.536,241.842,1727,2214,-2083
-242.29,56.7065,241.842,1708,2217,-2093
-242.29,60.8695,241.842,1692,2221,-2102
-242.29,65.0326,241.834,1673,2223,-2113
-242.29,69.1733,241.842,1653,2225,-2123
-242.29,73.2992,241.82,1636,2228,-2130
-242.29,77.4176,241.842,1619,2230,-2136
-242.29,81.536,241.805,1601,2231,-2143
-242.29,85.6322,241.842,1581,2234,-2152
-242.29,89.7134,241.502,1561,2233,-2159
-242.29,93.8021,238.949,1540,2233,-2166
-242.29,97.8537,235.768,1522,2233,-2172
-242.29,101.883,232.786,1505,2231,-2177
-242.29,105.927,229.642,1482,2232,-2184
-242.29,109.941,226.549,1462,2232,-2188
-242.29,113.941,223.353,1441,2231,-2194
-242.29,117.918,220.158,1418,2230,-2199
-242.29,121.88,216.91,1397,2226,-2203
-242.29,125.828,213.648,1375,2224,-2209
-242.29,129.745,210.349,1358,2223,-2211
-242.29,133.641,207.005,1334,2219,-2215
-242.29,137.529,203.64,1311,2216,-2217
-242.29,141.387,200.245,1294,2213,-2218
-242.29,145.245,196.849,1266,2209,-2224
-242.29,149.066,193.388,1243,2205,-2226
-242.29,152.858,189.889,1223,2199,-2227
-242.29,156.634,186.369,1200,2195,-2228
-242.29,160.374,182.826,1177,2189,-2229
-242.29,164.113,179.276,1153,2184,-2229
-242.29,167.83,175.674,1130,2179,-2230
-242.29,171.495,172.058,1104,2173,-2232
-242.29,175.145,168.419,1080,2166,-2232
-242.29,178.773,164.744,1057,2159,-2231
-242.29,182.378,161.031,1031,2153,-2230
-242.29,185.939,157.319,1008,2144,-2229
-242.29,189.478,153.569,987,2138,-2225
-242.29,192.994,149.783,962,2130,-2223
-242.29,196.495,146.004,932,2120,-2225
-242.29,199.937,142.188,909,2111,-2220
-242.29,203.357,138.35,886,2101,-2216
-242.29,206.762,134.49,860,2092,-2213
-242.29,210.122,130.608,837,2082,-2209
-242.29,213.467,126.718,810,2073,-2205
-242.29,216.746,122.799,786,2063,-2200
-242.29,220.031,118.865,759,2050,-2198
-242.29,223.25,114.902,731,2041,-2193
-242.29,226.462,110.924,711,2031,-2184
-242.29,229.614,106.953,683,2016,-2180
-242.29,232.751,102.945,656,2005,-2176
-242.29,235.873,98.9303,631,1994,-2167
-242.29,238.877,94.9004,605,1982,-2160
-242.29,242.051,90.8485,579,1970,-2155
-242.29,243.59,86.7965,550,1957,-2148
-242.29,243.56,82.7224,523,1942,-2140
-242.29,243.59,78.6335,497,1928,-2133
-242.29,243.59,74.5298,471,1914,-2124
-242.29,243.59,70.4262,447,1900,-2114
-242.29,243.59,66.3078,420,1885,-2106
-242.29,243.582,62.1746,392,1872,-2098
-242.29,243.59,58.0341,366,1856,-2087
-242.29,243.59,53.9009,339,1839,-2078
-242.29,243.59,49.7382,312,1824,-2069
-242.29,243.59,45.5608,287,1808,-2056
-242.29,243.59,41.3981,261,1791,-2045
-242.29,243.59,37.2206,234,1775,-2036
-242.29,243.59,33.0358,207,1760,-2024
-242.29,243.59,28.8436,178,1743,-2012
-242.29,243.59,24.6514,153,1724,-2001
-242.29,243.59,20.4592,128,1706,-1989
-242.29,243.59,16.267,104,1689,-1975
-242.29,243.59,12.06,80,1672,-1962
-242.29,243.59,7.8604,55,1654,-1949
-242.29,243.59,3.65342,32,1635,-1935
-242.29,243.59,-0.56093,6,1614,-1923
-242.29,243.59,-4.75314,-23,1594,-1908
-242.29,243.59,-8.95273,-60,1576,-1893
-242.29,243.59,-13.1449,-104,1556,-1880
-242.29,243.59,-17.3372,-144,1538,-1865
-242.29,243.59,-21.5367,-171,1518,-1849
-242.29,243.59,-25.7363,-186,1498,-1832
-242.29,243.59,-29.9285,-204,1478,-1817
-242.29,243.59,-34.106,-231,1455,-1803
-242.29,243.59,-38.2834,-262,1435,-1787
-242.29,243.59,-42.4535,-291,1416,-1770
-242.29,243.59,-46.6236,-317,1393,-1751
-242.29,243.59,-50.7863,-343,1371,-1735
-242.29,243.59,-54.9416,-369,1350,-1718
-242.29,243.59,-59.0895,-398,1327,-1701
-242.275,243.59,-63.2301,-426,1305,-1685
-242.29,243.59,-67.3411,-450,1281,-1663
-242.268,243.59,-71.4521,-478,1259,-1645
-242.29,243.59,-75.5557,-504,1238,-1627
-242.268,243.59,-79.652,-531,1215,-1608
-242.29,243.59,-83.763,-558,1193,-1591
-242.164,243.59,-87.8372,-584,1169,-1570
-239.857,243.59,-91.8744,-611,1145,-1551
-236.626,243.59,-95.8968,-636,1123,-1531
-233.661,243.59,-99.9267,-662,1098,-1511
-230.504,243.59,-103.956,-689,1073,-1491
-227.472,243.59,-107.949,-715,1049,-1469
-224.322,243.59,-111.935,-742,1026,-1449
-221.135,243.59,-115.898,-769,1001,-1429
-217.897,243.59,-119.84,-794,975,-1408
-214.614,243.59,-123.774,-819,951,-1387
-211.316,243.59,-127.693,-843,925,-1365
-207.981,243.59,-131.575,-868,900,-1342
-204.669,243.59,-135.442,-892,876,-1320
-201.312,243.59,-139.295,-917,852,-1298
-197.933,243.59,-143.126,-944,826,-1276
-194.487,243.59,-146.941,-968,800,-1253
-191.012,243.59,-150.728,-991,774,-1230
-187.492,243.59,-154.484,-1017,747,-1209
-183.958,243.59,-158.219,-1040,724,-1184
-180.431,243.59,-161.939,-1065,698,-1161
-176.867,243.59,-165.637,-1090,671,-1139
-173.281,243.59,-169.305,-1114,646,-1115
-169.658,243.59,-172.936,-1138,619,-1092
-165.99,243.59,-176.56,-1161,591,-1068
-162.256,243.59,-180.162,-1184,565,-1044
-158.456,243.59,-183.719,-1205,538,-1017
-154.67,243.59,-187.24,-1227,513,-992
-150.891,243.59,-190.746,-1252,486,-969
-147.143,243.59,-194.237,-1275,459,-944
-143.401,243.59,-197.683,-1296,434,-920
-139.615,243.59,-201.093,-1318,404,-895
-135.763,243.59,-204.488,-1339,378,-869
-131.852,243.59,-207.839,-1360,352,-843
-127.918,243.59,-211.183,-1383,326,-818
-123.977,243.59,-214.452,-1406,301,-793
-120.065,243.59,-217.729,-1427,272,-768
-116.154,243.59,-220.962,-1448,246,-743
-112.228,243.59,-224.158,-1469,219,-718
-108.257,243.59,-227.331,-1488,191,-690
-104.22,243.59,-230.424,-1507,166,-663
-100.205,243.59,-233.583,-1528,140,-636
-96.1825,243.59,-236.535,-1549,115,-613
-92.1305,243.59,-239.746,-1567,89,-586
-88.0933,243.59,-241.82,-1587,64,-560
-84.0266,243.59,-241.849,-1606,39,-533
-79.9524,243.59,-241.842,-1623,15,-505
-75.8561,243.59,-241.849,-1641,-12,-478
-71.745,243.59,-241.834,-1660,-42,-452
-67.6338,243.59,-241.849,-1679,-80,-426
-63.5227,243.59,-241.842,-1697,-127,-400
-59.382,243.59,-241.849,-1715,-164,-374
-55.2339,243.59,-241.849,-1733,-186,-347
-51.0932,243.59,-241.849,-1749,-200,-319
-46.9304,243.59,-241.849,-1764,-219,-292
-42.7527,243.59,-241.849,-1783,-248,-265
-38.5972,243.59,-241.849,-1798,-280,-239
-34.4195,243.59,-241.849,-1814,-309,-212
-30.2271,243.59,-241.849,-1832,-337,-186
-26.042,243.59,-241.849,-1845,-363,-158
-21.8422,243.59,-241.849,-1860,-390,-131
-17.6497,243.59,-241.849,-1874,-417,-106
-13.4721,243.59,-241.849,-1888,-443,-81
-9.28699,243.59,-241.849,-1904,-469,-56
-5.08714,243.59,-241.849,-1918,-496,-32
-0.879898,243.59,-241.849,-1934,-524,-11
3.32735,243.59,-241.849,-1946,-550,15
7.53459,243.59,-241.849,-1958,-575,39
11.7418,243.59,-241.849,-1972,-603,69
15.9417,243.59,-241.849,-1982,-630,109
20.1193,243.59,-241.849,-1994,-655,153
24.3044,243.59,-241.849,-2009,-682,192
28.5043,243.59,-241.849,-2022,-709,217
32.6819,243.59,-241.849,-2032,-735,235
36.867,243.59,-241.849,-2042,-763,253
41.0447,243.59,-241.849,-2053,-788,277
45.1927,243.59,-241.849,-2061,-814,307
49.3556,243.59,-241.849,-2072,-838,339
53.5111,243.59,-241.849,-2083,-864,367
57.6444,243.59,-241.849,-2093,-889,392
61.7851,243.582,-241.849,-2102,-913,418
65.911,243.59,-241.849,-2109,-941,445
70.0295,243.59,-241.849,-2118,-964,473
74.1406,243.59,-241.849,-2125,-988,501
78.2222,243.59,-241.849,-2133,-1012,527
82.3111,243.545,-241.849,-2144,-1034,552
86.3779,243.59,-241.849,-2151,-1061,578
90.4446,242.274,-241.849,-2158,-1086,605
94.4892,239.122,-241.849,-2162,-1110,632
98.519,236.111,-241.849,-2168,-1134,659
102.534,233.011,-241.849,-2174,-1157,686
106.512,229.867,-241.849,-2178,-1182,712
110.512,226.737,-241.849,-2187,-1204,736
114.475,223.503,-241.849,-2191,-1227,762
118.417,220.292,-241.849,-2194,-1252,789
122.358,217.013,-241.849,-2201,-1275,812
126.269,213.742,-241.849,-2203,-1299,839
130.158,210.404,-241.849,-2206,-1319,867
134.04,207.052,-241.849,-2211,-1340,891
137.885,203.654,-241.849,-2214,-1363,915
141.723,200.235,-241.849,-2218,-1382,939
145.545,196.793,-241.849,-2221,-1403,964
149.324,193.306,-241.849,-2222,-1427,989
153.102,189.805,-241.849,-2222,-1450,1014
156.844,186.259,-241.849,-2222,-1467,1039
160.541,182.698,-241.849,-2224,-1488,1063
164.26,179.107,-241.849,-2224,-1512,1088
167.935,175.472,-241.849,-2224,-1530,1112
171.565,171.822,-241.849,-2225,-1552,1134
175.188,168.142,-241.849,-2224,-1573,1159
178.789,164.44,-241.849,-2223,-1589,1182
182.361,160.716,-241.849,-2222,-1609,1206
185.888,156.961,-241.849,-2221,-1628,1229
189.4,153.192,-241.849,-2221,-1645,1251
192.897,149.394,-241.849,-2219,-1663,1274
196.358,145.558,-241.849,-2217,-1683,1294
199.759,141.714,-241.849,-2214,-1703,1318
203.168,137.856,-241.849,-2209,-1718,1341
206.525,133.975,-241.849,-2205,-1737,1364
209.867,130.073,-241.849,-2201,-1755,1384
213.172,126.155,-241.849,-2197,-1770,1405
216.425,122.207,-241.849,-2193,-1788,1427
219.694,118.245,-241.849,-2190,-1806,1447
222.866,114.268,-241.849,-2184,-1822,1469
226.075,110.261,-241.849,-2178,-1839,1489
229.143,106.247,-241.849,-2172,-1853,1510
232.286,102.217,-241.849,-2165,-1868,1530
235.347,98.1808,-241.849,-2160,-1882,1550
238.371,94.1292,-241.849,-2155,-1896,1569
241.395,90.048,-241.849,-2148,-1912,1587
242.283,85.9518,-241.849,-2141,-1926,1607
242.216,81.8631,-241.849,-2131,-1941,1626
242.283,77.7447,-241.849,-2124,-1956,1644
242.268,73.6188,-241.849,-2116,-1967,1663
242.283,69.493,-241.849,-2105,-1981,1682
242.283,65.3448,-241.849,-2100,-1994,1699
242.283,61.1818,-241.849,-2090,-2006,1716
242.283,57.0187,-241.849,-2079,-2019,1736
242.283,52.8557,-241.849,-2069,-2031,1753
242.283,48.6704,-241.849,-2057,-2043,1769
242.283,44.485,-241.849,-2048,-2054,1787
242.283,40.2922,-241.849,-2037,-2064,1803
242.283,36.0846,-241.849,-2027,-2075,1817
242.283,31.877,-241.849,-2016,-2086,1834
242.283,27.6693,-241.849,-2003,-2094,1850
242.283,23.4617,-241.849,-1992,-2105,1864
242.283,19.2317,-241.849,-1980,-2115,1880
242.283,15.0092,-241.849,-1966,-2124,1896
242.283,10.7942,-241.849,-1954,-2132,1909
242.283,6.56422,-241.849,-1943,-2140,1922
242.283,2.33427,-241.849,-1929,-2149,1936
242.283,-1.88823,-241.849,-1914,-2157,1951
242.283,-6.11818,-241.849,-1899,-2164,1964
242.283,-10.3407,-241.849,-1883,-2172,1977
242.283,-14.5558,-241.849,-1868,-2178,1990
242.283,-18.7708,-241.849,-1854,-2186,2003
242.283,-22.9933,-241.849,-1840,-2190,2015
242.283,-27.201,-241.849,-1825,-2195,2026
242.283,-31.4086,-241.849,-1809,-2202,2038
242.283,-35.6088,-241.849,-1792,-2208,2049
242.283,-39.8165,-241.849,-1774,-2213,2060
242.283,-44.0092,-241.849,-1758,-2216,2070
242.283,-48.1871,-241.849,-1743,-2220,2079
242.283,-52.3725,-241.849,-1727,-2223,2089
242.283,-56.543,-241.849,-1709,-2226,2098
242.283,-60.6986,-241.849,-1691,-2231,2107
242.283,-64.8542,-241.842,-1673,-2234,2117
242.283,-68.9949,-241.849,-1654,-2238,2127
242.283,-73.1208,-241.827,-1634,-2238,2136
242.283,-77.2392,-241.849,-1616,-2238,2144
242.283,-81.3651,-241.805,-1599,-2241,2150
242.283,-85.4612,-241.849,-1577,-2243,2158
242.283,-89.5425,-241.488,-1559,-2245,2165
242.283,-93.6163,-238.904,-1542,-2246,2173
242.283,-97.6752,-235.753,-1518,-2246,2180
242.283,-101.719,-232.764,-1500,-2244,2185
242.283,-105.741,-229.59,-1480,-2243,2191
242.283,-109.755,-226.505,-1460,-2242,2195
242.283,-113.755,-223.302,-1441,-2241,2199
242.283,-117.725,-220.121,-1420,-2240,2203
242.283,-121.687,-216.88,-1398,-2239,2207
242.283,-125.642,-213.611,-1374,-2236,2214
242.283,-129.552,-210.312,-1354,-2232,2217
242.283,-133.462,-206.976,-1332,-2230,2220
242.283,-137.35,-203.603,-1309,-2226,2224
242.283,-141.209,-200.193,-1289,-2224,2225
242.283,-145.052,-196.79,-1265,-2221,2229
242.283,-148.881,-193.344,-1242,-2217,2232
242.283,-152.694,-189.875,-1219,-2213,2234
242.283,-156.471,-186.384,-1193,-2207,2237
242.283,-160.203,-182.834,-1172,-2201,2237
242.283,-163.934,-179.283,-1150,-2195,2237
242.283,-167.637,-175.682,-1128,-2189,2236
242.283,-171.316,-172.043,-1104,-2183,2236
242.283,-174.966,-168.39,-1078,-2176,2236
242.283,-178.594,-164.692,-1055,-2168,2235
242.283,-182.192,-160.987,-1033,-2163,2234
242.283,-185.761,-157.274,-1008,-2156,2233
242.283,-189.299,-153.518,-985,-2147,2230
242.283,-192.823,-149.746,-960,-2138,2228
242.283,-196.317,-145.945,-937,-2131,2226
242.283,-199.766,-142.129,-911,-2122,2223
242.283,-203.186,-138.277,-884,-2114,2221
242.283,-206.583,-134.416,-859,-2105,2219
242.283,-209.943,-130.549,-831,-2094,2217
242.283,-213.296,-126.659,-807,-2084,2213
242.283,-216.582,-122.748,-783,-2073,2208
242.283,-219.875,-118.806,-760,-2062,2201
242.283,-223.087,-114.843,-730,-2051,2198
242.283,-226.291,-110.865,-703,-2040,2193
242.283,-229.443,-106.879,-683,-2030,2185
242.283,-232.573,-102.864,-654,-2016,2181
242.283,-235.71,-98.8343,-630,-2003,2173
242.283,-238.691,-94.8119,-605,-1992,2165
242.283,-241.902,-90.7599,-575,-1978,2161
242.283,-243.597,-86.6932,-549,-1966,2153
242.283,-243.575,-82.6264,-523,-1953,2145
242.283,-243.597,-78.5449,-496,-1939,2138
242.283,-243.597,-74.4413,-469,-1925,2130
242.283,-243.59,-70.3376,-443,-1910,2121
242.283,-243.597,-66.234,-417,-1894,2112
242.283,-243.59,-62.0934,-389,-1881,2104
242.283,-243.597,-57.9455,-363,-1866,2093
242.283,-243.597,-53.805,-337,-1851,2083
242.283,-243.597,-49.6349,-309,-1835,2074
242.283,-243.597,-45.4722,-282,-1818,2063
242.283,-243.597,-41.3095,-256,-1802,2051
242.283,-243.597,-37.1394,-231,-1786,2041
242.283,-243.597,-32.9546,-206,-1768,2030
242.283,-243.597,-28.7476,-178,-1751,2016
242.283,-243.597,-24.5628,-151,-1736,2006
242.283,-243.597,-20.3854,-123,-1718,1994
242.283,-243.597,-16.1784,-97,-1698,1982
242.283,-243.597,-11.9862,-73,-1680,1969
242.283,-243.597,-7.79397,-47,-1663,1954
242.283,-243.597,-3.57224,-25,-1644,1941
242.283,-243.597,0.634736,-1,-1626,1926
242.283,-243.597,4.84171,25,-1609,1913
242.283,-243.597,9.04868,51,-1589,1900
242.283,-243.597,13.2483,81,-1567,1885
242.283,-243.597,17.4479,118,-1547,1871
242.283,-243.597,21.6327,160,-1528,1855
242.283,-243.597,25.8249,194,-1507,1838
242.283,-243.597,30.0097,219,-1488,1823
242.283,-243.597,34.1946,239,-1467,1806
242.283,-243.597,38.3794,261,-1446,1790
242.283,-243.597,42.5568,286,-1424,1775
242.283,-243.597,46.7195,312,-1403,1757
242.283,-243.597,50.8675,344,-1381,1740
242.283,-243.597,55.0154,372,-1360,1723
242.283,-243.597,59.1486,397,-1339,1705
242.275,-243.597,63.2891,426,-1317,1689
242.283,-243.597,67.437,452,-1295,1670
242.26,-243.597,71.548,479,-1272,1652
242.283,-243.597,75.6517,505,-1248,1633
242.253,-243.597,79.7553,531,-1224,1613
242.283,-243.597,83.8516,557,-1201,1595
242.053,-243.597,87.9183,582,-1179,1575
239.628,-243.597,91.9703,610,-1154,1556
236.434,-243.597,96.0149,636,-1130,1536
233.476,-243.597,100.03,663,-1109,1516
230.319,-243.597,104.038,690,-1084,1496
227.25,-243.597,108.053,715,-1057,1474
224.071,-243.597,112.038,739,-1034,1454
220.891,-243.597,116.002,765,-1010,1433
217.682,-243.597,119.943,793,-987,1413
214.422,-243.597,123.869,819,-963,1393
211.139,-243.597,127.774,845,-937,1371
207.796,-243.597,131.663,870,-912,1350
204.447,-243.597,135.538,893,-886,1327
201.06,-243.597,139.391,918,-861,1304
197.667,-243.597,143.229,942,-834,1282
194.228,-243.597,147.03,968,-809,1259
190.768,-243.597,150.816,993,-785,1236
187.263,-243.597,154.573,1018,-759,1213
183.729,-243.597,158.3,1042,-732,1190
180.172,-243.597,162.027,1064,-706,1167
176.579,-243.597,165.725,1088,-680,1141
172.97,-243.597,169.393,1112,-655,1118
169.347,-243.597,173.025,1137,-629,1096
165.694,-243.597,176.641,1161,-603,1072
161.997,-243.597,180.25,1184,-577,1049
158.271,-243.597,183.8,1208,-548,1025
154.529,-243.597,187.336,1230,-521,1001
150.773,-243.597,190.827,1251,-495,975
146.987,-243.597,194.31,1275,-468,950
143.172,-243.597,197.757,1299,-442,927
139.364,-243.597,201.174,1319,-416,901
135.519,-243.597,204.57,1341,-389,875
131.645,-243.597,207.92,1363,-360,850
127.755,-243.597,211.256,1382,-334,825
123.851,-243.597,214.533,1404,-307,799
119.925,-243.597,217.81,1425,-279,773
115.984,-243.597,221.028,1445,-254,748
112.021,-243.597,224.232,1467,-227,722
108.043,-243.597,227.398,1489,-201,697
104.035,-243.597,230.498,1510,-173,672
100.02,-243.597,233.657,1529,-146,644
96.0124,-243.597,236.602,1549,-120,619
91.9752,-243.597,239.82,1570,-96,593
87.9085,-243.597,241.842,1587,-73,564
83.8565,-243.597,241.842,1605,-47,539
79.7676,-243.597,241.834,1626,-22,513
75.6712,-243.597,241.842,1644,2,486
71.5749,-243.597,241.827,1662,29,459
67.4564,-243.597,241.842,1680,56,432
63.3453,-243.597,241.834,1696,90,404
59.2046,-243.597,241.842,1714,130,377
55.0639,-243.597,241.842,1732,170,352
50.9158,-243.597,241.842,1750,205,325
46.7529,-243.597,241.842,1767,227,299
42.59,-243.597,241.842,1783,243,271
38.4198,-243.597,241.842,1799,264,244
34.2347,-243.597,241.842,1815,290,218
30.057,-243.597,241.842,1830,322,191
25.872,-243.597,241.842,1846,350,166
21.6647,-243.597,241.842,1862,378,141
17.4723,-243.597,241.842,1877,407,115
13.2798,-243.597,241.842,1892,433,91
9.07996,-243.597,241.842,1905,460,66
4.87271,-243.597,241.842,1918,488,41
0.665469,-243.597,241.842,1933,514,19
-3.53438,-243.597,241.842,1946,542,-6
-7.74162,-243.597,241.842,1961,565,-36
-11.9341,-243.597,241.842,1973,593,-78
-16.1044,-243.597,241.842,1984,621,-130
-20.3042,-243.597,241.842,1996,646,-168
-24.4967,-243.597,241.842,2006,673,-188
-28.6891,-243.597,241.842,2020,697,-199
-32.8668,-243.597,241.842,2032,724,-217
-37.0297,-243.597,241.842,2043,749,-246
-41.2147,-243.597,241.842,2054,774,-278
-45.3776,-243.597,241.842,2063,802,-308
-49.5405,-243.597,241.842,2075,828,-333
-53.696,-243.597,241.842,2082,853,-361
-57.8145,-243.597,241.842,2092,877,-388
-61.9404,-243.59,241.842,2104,903,-412
-66.0811,-243.597,241.842,2111,928,-442
-70.1996,-243.597,241.842,2118,954,-469
-74.3033,-243.597,241.842,2128,979,-495
-78.3849,-243.597,241.842,2134,1004,-522
-82.4664,-243.56,241.842,2140,1026,-550
-86.5553,-243.597,241.842,2148,1049,-577
-90.5999,-242.133,241.842,2157,1075,-601
-94.6445,-238.958,241.842,2163,1099,-628
-98.6817,-235.962,241.842,2170,1123,-654
-102.689,-232.833,241.842,2177,1149,-680
-106.689,-229.696,241.842,2181,1172,-706
-110.66,-226.551,241.842,2186,1194,-731
-114.631,-223.339,241.842,2191,1217,-759
-118.594,-220.135,241.842,2195,1239,-785
-122.535,-216.857,241.842,2200,1262,-810
-126.439,-213.594,241.842,2205,1286,-834
-130.336,-210.248,241.842,2209,1309,-859
-134.21,-206.881,241.842,2211,1330,-886
-138.063,-203.483,241.842,2212,1351,-913
-141.893,-200.056,241.842,2215,1372,-937
-145.701,-196.607,241.842,2218,1392,-961
-149.494,-193.143,241.842,2221,1415,-985
-153.265,-189.693,241.842,2223,1439,-1009
-157.021,-186.184,241.842,2224,1459,-1034
-160.726,-182.631,241.842,2224,1479,-1059
-164.423,-179.003,241.842,2225,1500,-1083
-168.097,-175.346,241.842,2227,1517,-1106
-171.735,-171.703,241.842,2225,1538,-1131
-175.359,-168.045,241.842,2226,1561,-1154
-178.959,-164.351,241.842,2228,1579,-1175
-182.538,-160.619,241.842,2224,1599,-1198
-186.08,-156.85,241.842,2221,1618,-1223
-189.585,-153.029,241.842,2219,1636,-1246
-193.06,-149.171,241.842,2216,1654,-1269
-196.52,-145.312,241.842,2215,1672,-1292
-199.936,-141.484,241.842,2213,1691,-1313
-203.345,-137.67,241.842,2210,1708,-1335
-206.702,-133.834,241.842,2207,1726,-1357
-210.037,-129.931,241.842,2204,1744,-1379
-213.342,-125.984,241.842,2200,1760,-1400
-216.595,-121.999,241.842,2194,1776,-1423
-219.856,-118.007,241.842,2189,1792,-1443
-223.036,-114.037,241.842,2185,1809,-1462
-226.245,-110.06,241.842,2180,1825,-1483
-229.335,-106.068,241.842,2174,1842,-1503
-232.485,-102.046,241.842,2167,1858,-1525
-235.517,-97.9949,241.842,2160,1873,-1544
-238.571,-93.9285,241.842,2153,1887,-1564
-241.528,-89.8398,241.842,2146,1900,-1584
-242.29,-85.7511,241.842,2140,1916,-1602
-242.231,-81.6624,241.842,2134,1931,-1621
-242.29,-77.5514,241.842,2124,1943,-1641
-242.275,-73.433,241.842,2117,1958,-1659
-242.29,-69.2997,241.842,2108,1969,-1676
-242.29,-65.1441,241.842,2096,1980,-1695
-242.29,-60.9885,241.842,2089,1994,-1713
-242.29,-56.8255,241.842,2081,2006,-1728
-242.29,-52.655,241.842,2070,2019,-1747
-242.29,-48.4696,241.842,2061,2032,-1763
-242.29,-44.2843,241.842,2051,2043,-1780
-242.29,-40.0915,241.842,2039,2053,-1798
-242.29,-35.8839,241.842,2026,2063,-1813
-242.29,-31.6762,241.842,2014,2076,-1830
-242.29,-27.4686,241.842,2005,2085,-1844
-242.29,-23.261,241.842,1992,2093,-1859
-242.29,-19.031,241.842,1979,2104,-1875
-242.29,-14.8011,241.842,1967,2114,-1889
-242.29,-10.5934,241.842,1952,2121,-1905
-242.29,-6.37093,241.842,1939,2129,-1919
-242.29,-2.14842,241.842,1926,2135,-1932
-242.29,2.07408,241.842,1913,2143,-1946
-242.29,6.31146,241.842,1901,2152,-1958
-242.29,10.5414,241.842,1886,2162,-1971
-242.29,14.7565,241.842,1871,2168,-1983
-242.29,18.9716,241.842,1856,2173,-1996
-242.29,23.2089,241.842,1840,2180,-2008
-242.29,27.4091,241.842,1826,2186,-2019
-242.29,31.6168,241.842,1809,2191,-2032
-242.29,35.8244,241.842,1793,2196,-2044
-242.29,40.0246,241.842,1778,2202,-2054
-242.29,44.2174,241.842,1759,2206,-2064
-242.29,48.3953,241.842,1741,2209,-2075
-242.29,52.5806,241.842,1724,2213,-2086
-242.29,56.7511,241.842,1707,2216,-2095
-242.29,60.9067,241.842,1691,2219,-2103
-242.29,65.0697,241.834,1674,2222,-2112
-242.29,69.2105,241.842,1658,2225,-2120
-242.29,73.3438,241.82,1638,2228,-2129
-242.29,77.4622,241.842,1617,2230,-2137
-242.29,81.5732,241.805,1602,2231,-2144
-242.29,85.6693,241.842,1579,2231,-2154
-242.29,89.758,241.495,1560,2232,-2159
-242.29,93.8393,238.912,1544,2234,-2165
-242.29,97.8983,235.738,1522,2234,-2173
-242.29,101.935,232.756,1502,2234,-2177
-242.29,105.964,229.605,1480,2233,-2184
-242.29,109.971,226.52,1459,2232,-2191
-242.29,113.971,223.316,1440,2230,-2195
-242.29,117.948,220.128,1418,2228,-2200
-242.29,121.91,216.88,1399,2227,-2204
-242.29,125.858,213.618,1380,2226,-2206
-242.29,129.775,210.326,1355,2223,-2212
